"STATISTIC","Statistic Label","C02076V03371","Age Group","C02199V02655","Sex","TLIST(A1)","CensusYear","UNIT","VALUE"
"CD211","Enumerated Population","-","All ages","-","Both sexes","1926","1926","Number","2971992"
"CD211","Enumerated Population","-","All ages","-","Both sexes","1936","1936","Number","2968420"
"CD211","Enumerated Population","-","All ages","-","Both sexes","1946","1946","Number","2955107"
"CD211","Enumerated Population","-","All ages","-","Both sexes","1951","1951","Number","2960593"
"CD211","Enumerated Population","-","All ages","-","Both sexes","1961","1961","Number","2818341"
"CD211","Enumerated Population","-","All ages","-","Both sexes","1966","1966","Number","2884002"
"CD211","Enumerated Population","-","All ages","-","Both sexes","1971","1971","Number","2978248"
"CD211","Enumerated Population","-","All ages","-","Both sexes","1979","1979","Number","3368217"
"CD211","Enumerated Population","-","All ages","-","Both sexes","1981","1981","Number","3443405"
"CD211","Enumerated Population","-","All ages","-","Both sexes","1986","1986","Number","3540643"
"CD211","Enumerated Population","-","All ages","-","Both sexes","1991","1991","Number","3525719"
"CD211","Enumerated Population","-","All ages","-","Both sexes","1996","1996","Number","3626087"
"CD211","Enumerated Population","-","All ages","-","Both sexes","2002","2002","Number","3917203"
"CD211","Enumerated Population","-","All ages","-","Both sexes","2006","2006","Number","4239848"
"CD211","Enumerated Population","-","All ages","-","Both sexes","2011","2011","Number","4588252"
"CD211","Enumerated Population","-","All ages","1","Male","1926","1926","Number","1506889"
"CD211","Enumerated Population","-","All ages","1","Male","1936","1936","Number","1520454"
"CD211","Enumerated Population","-","All ages","1","Male","1946","1946","Number","1494877"
"CD211","Enumerated Population","-","All ages","1","Male","1951","1951","Number","1506597"
"CD211","Enumerated Population","-","All ages","1","Male","1961","1961","Number","1416549"
"CD211","Enumerated Population","-","All ages","1","Male","1966","1966","Number","1449032"
"CD211","Enumerated Population","-","All ages","1","Male","1971","1971","Number","1495760"
"CD211","Enumerated Population","-","All ages","1","Male","1979","1979","Number","1693272"
"CD211","Enumerated Population","-","All ages","1","Male","1981","1981","Number","1729354"
"CD211","Enumerated Population","-","All ages","1","Male","1986","1986","Number","1769690"
"CD211","Enumerated Population","-","All ages","1","Male","1991","1991","Number","1753418"
"CD211","Enumerated Population","-","All ages","1","Male","1996","1996","Number","1800232"
"CD211","Enumerated Population","-","All ages","1","Male","2002","2002","Number","1946164"
"CD211","Enumerated Population","-","All ages","1","Male","2006","2006","Number","2121171"
"CD211","Enumerated Population","-","All ages","1","Male","2011","2011","Number","2272699"
"CD211","Enumerated Population","-","All ages","2","Female","1926","1926","Number","1465103"
"CD211","Enumerated Population","-","All ages","2","Female","1936","1936","Number","1447966"
"CD211","Enumerated Population","-","All ages","2","Female","1946","1946","Number","1460230"
"CD211","Enumerated Population","-","All ages","2","Female","1951","1951","Number","1453996"
"CD211","Enumerated Population","-","All ages","2","Female","1961","1961","Number","1401792"
"CD211","Enumerated Population","-","All ages","2","Female","1966","1966","Number","1434970"
"CD211","Enumerated Population","-","All ages","2","Female","1971","1971","Number","1482488"
"CD211","Enumerated Population","-","All ages","2","Female","1979","1979","Number","1674945"
"CD211","Enumerated Population","-","All ages","2","Female","1981","1981","Number","1714051"
"CD211","Enumerated Population","-","All ages","2","Female","1986","1986","Number","1770953"
"CD211","Enumerated Population","-","All ages","2","Female","1991","1991","Number","1772301"
"CD211","Enumerated Population","-","All ages","2","Female","1996","1996","Number","1825855"
"CD211","Enumerated Population","-","All ages","2","Female","2002","2002","Number","1971039"
"CD211","Enumerated Population","-","All ages","2","Female","2006","2006","Number","2118677"
"CD211","Enumerated Population","-","All ages","2","Female","2011","2011","Number","2315553"
"CD211","Enumerated Population","200","Under 1 year","-","Both sexes","1926","1926","Number","55391"
"CD211","Enumerated Population","200","Under 1 year","-","Both sexes","1936","1936","Number","53606"
"CD211","Enumerated Population","200","Under 1 year","-","Both sexes","1946","1946","Number","66081"
"CD211","Enumerated Population","200","Under 1 year","-","Both sexes","1951","1951","Number","63557"
"CD211","Enumerated Population","200","Under 1 year","-","Both sexes","1961","1961","Number","62772"
"CD211","Enumerated Population","200","Under 1 year","-","Both sexes","1966","1966","Number","63589"
"CD211","Enumerated Population","200","Under 1 year","-","Both sexes","1971","1971","Number","64886"
"CD211","Enumerated Population","200","Under 1 year","-","Both sexes","1979","1979","Number","71353"
"CD211","Enumerated Population","200","Under 1 year","-","Both sexes","1981","1981","Number","73379"
"CD211","Enumerated Population","200","Under 1 year","-","Both sexes","1986","1986","Number","61172"
"CD211","Enumerated Population","200","Under 1 year","-","Both sexes","1991","1991","Number","53044"
"CD211","Enumerated Population","200","Under 1 year","-","Both sexes","1996","1996","Number","48854"
"CD211","Enumerated Population","200","Under 1 year","-","Both sexes","2002","2002","Number","54499"
"CD211","Enumerated Population","200","Under 1 year","-","Both sexes","2006","2006","Number","61076"
"CD211","Enumerated Population","200","Under 1 year","-","Both sexes","2011","2011","Number","72410"
"CD211","Enumerated Population","200","Under 1 year","1","Male","1926","1926","Number","28084"
"CD211","Enumerated Population","200","Under 1 year","1","Male","1936","1936","Number","27152"
"CD211","Enumerated Population","200","Under 1 year","1","Male","1946","1946","Number","33798"
"CD211","Enumerated Population","200","Under 1 year","1","Male","1951","1951","Number","32630"
"CD211","Enumerated Population","200","Under 1 year","1","Male","1961","1961","Number","32137"
"CD211","Enumerated Population","200","Under 1 year","1","Male","1966","1966","Number","32514"
"CD211","Enumerated Population","200","Under 1 year","1","Male","1971","1971","Number","33276"
"CD211","Enumerated Population","200","Under 1 year","1","Male","1979","1979","Number","36171"
"CD211","Enumerated Population","200","Under 1 year","1","Male","1981","1981","Number","37717"
"CD211","Enumerated Population","200","Under 1 year","1","Male","1986","1986","Number","31315"
"CD211","Enumerated Population","200","Under 1 year","1","Male","1991","1991","Number","27390"
"CD211","Enumerated Population","200","Under 1 year","1","Male","1996","1996","Number","25231"
"CD211","Enumerated Population","200","Under 1 year","1","Male","2002","2002","Number","27805"
"CD211","Enumerated Population","200","Under 1 year","1","Male","2006","2006","Number","31273"
"CD211","Enumerated Population","200","Under 1 year","1","Male","2011","2011","Number","36850"
"CD211","Enumerated Population","200","Under 1 year","2","Female","1926","1926","Number","27307"
"CD211","Enumerated Population","200","Under 1 year","2","Female","1936","1936","Number","26454"
"CD211","Enumerated Population","200","Under 1 year","2","Female","1946","1946","Number","32283"
"CD211","Enumerated Population","200","Under 1 year","2","Female","1951","1951","Number","30927"
"CD211","Enumerated Population","200","Under 1 year","2","Female","1961","1961","Number","30635"
"CD211","Enumerated Population","200","Under 1 year","2","Female","1966","1966","Number","31075"
"CD211","Enumerated Population","200","Under 1 year","2","Female","1971","1971","Number","31610"
"CD211","Enumerated Population","200","Under 1 year","2","Female","1979","1979","Number","35182"
"CD211","Enumerated Population","200","Under 1 year","2","Female","1981","1981","Number","35662"
"CD211","Enumerated Population","200","Under 1 year","2","Female","1986","1986","Number","29857"
"CD211","Enumerated Population","200","Under 1 year","2","Female","1991","1991","Number","25654"
"CD211","Enumerated Population","200","Under 1 year","2","Female","1996","1996","Number","23623"
"CD211","Enumerated Population","200","Under 1 year","2","Female","2002","2002","Number","26694"
"CD211","Enumerated Population","200","Under 1 year","2","Female","2006","2006","Number","29803"
"CD211","Enumerated Population","200","Under 1 year","2","Female","2011","2011","Number","35560"
"CD211","Enumerated Population","215","0 - 14 years","-","Both sexes","1926","1926","Number","867879"
"CD211","Enumerated Population","215","0 - 14 years","-","Both sexes","1936","1936","Number","820394"
"CD211","Enumerated Population","215","0 - 14 years","-","Both sexes","1946","1946","Number","823007"
"CD211","Enumerated Population","215","0 - 14 years","-","Both sexes","1951","1951","Number","854810"
"CD211","Enumerated Population","215","0 - 14 years","-","Both sexes","1961","1961","Number","877259"
"CD211","Enumerated Population","215","0 - 14 years","-","Both sexes","1966","1966","Number","900396"
"CD211","Enumerated Population","215","0 - 14 years","-","Both sexes","1971","1971","Number","931152"
"CD211","Enumerated Population","215","0 - 14 years","-","Both sexes","1979","1979","Number","1029908"
"CD211","Enumerated Population","215","0 - 14 years","-","Both sexes","1981","1981","Number","1043729"
"CD211","Enumerated Population","215","0 - 14 years","-","Both sexes","1986","1986","Number","1024701"
"CD211","Enumerated Population","215","0 - 14 years","-","Both sexes","1991","1991","Number","940574"
"CD211","Enumerated Population","215","0 - 14 years","-","Both sexes","1996","1996","Number","859424"
"CD211","Enumerated Population","215","0 - 14 years","-","Both sexes","2002","2002","Number","827428"
"CD211","Enumerated Population","215","0 - 14 years","-","Both sexes","2006","2006","Number","864449"
"CD211","Enumerated Population","215","0 - 14 years","-","Both sexes","2011","2011","Number","979590"
"CD211","Enumerated Population","215","0 - 14 years","1","Male","1926","1926","Number","441751"
"CD211","Enumerated Population","215","0 - 14 years","1","Male","1936","1936","Number","416433"
"CD211","Enumerated Population","215","0 - 14 years","1","Male","1946","1946","Number","418984"
"CD211","Enumerated Population","215","0 - 14 years","1","Male","1951","1951","Number","436447"
"CD211","Enumerated Population","215","0 - 14 years","1","Male","1961","1961","Number","448740"
"CD211","Enumerated Population","215","0 - 14 years","1","Male","1966","1966","Number","459406"
"CD211","Enumerated Population","215","0 - 14 years","1","Male","1971","1971","Number","475786"
"CD211","Enumerated Population","215","0 - 14 years","1","Male","1979","1979","Number","527030"
"CD211","Enumerated Population","215","0 - 14 years","1","Male","1981","1981","Number","535409"
"CD211","Enumerated Population","215","0 - 14 years","1","Male","1986","1986","Number","525646"
"CD211","Enumerated Population","215","0 - 14 years","1","Male","1991","1991","Number","482838"
"CD211","Enumerated Population","215","0 - 14 years","1","Male","1996","1996","Number","441452"
"CD211","Enumerated Population","215","0 - 14 years","1","Male","2002","2002","Number","424044"
"CD211","Enumerated Population","215","0 - 14 years","1","Male","2006","2006","Number","443044"
"CD211","Enumerated Population","215","0 - 14 years","1","Male","2011","2011","Number","501189"
"CD211","Enumerated Population","215","0 - 14 years","2","Female","1926","1926","Number","426128"
"CD211","Enumerated Population","215","0 - 14 years","2","Female","1936","1936","Number","403961"
"CD211","Enumerated Population","215","0 - 14 years","2","Female","1946","1946","Number","404023"
"CD211","Enumerated Population","215","0 - 14 years","2","Female","1951","1951","Number","418363"
"CD211","Enumerated Population","215","0 - 14 years","2","Female","1961","1961","Number","428519"
"CD211","Enumerated Population","215","0 - 14 years","2","Female","1966","1966","Number","440990"
"CD211","Enumerated Population","215","0 - 14 years","2","Female","1971","1971","Number","455366"
"CD211","Enumerated Population","215","0 - 14 years","2","Female","1979","1979","Number","502878"
"CD211","Enumerated Population","215","0 - 14 years","2","Female","1981","1981","Number","508320"
"CD211","Enumerated Population","215","0 - 14 years","2","Female","1986","1986","Number","499055"
"CD211","Enumerated Population","215","0 - 14 years","2","Female","1991","1991","Number","457736"
"CD211","Enumerated Population","215","0 - 14 years","2","Female","1996","1996","Number","417972"
"CD211","Enumerated Population","215","0 - 14 years","2","Female","2002","2002","Number","403384"
"CD211","Enumerated Population","215","0 - 14 years","2","Female","2006","2006","Number","421405"
"CD211","Enumerated Population","215","0 - 14 years","2","Female","2011","2011","Number","478401"
"CD211","Enumerated Population","225","1 - 4 years","-","Both sexes","1926","1926","Number","232322"
"CD211","Enumerated Population","225","1 - 4 years","-","Both sexes","1936","1936","Number","214660"
"CD211","Enumerated Population","225","1 - 4 years","-","Both sexes","1946","1946","Number","228684"
"CD211","Enumerated Population","225","1 - 4 years","-","Both sexes","1951","1951","Number","249275"
"CD211","Enumerated Population","225","1 - 4 years","-","Both sexes","1961","1961","Number","238018"
"CD211","Enumerated Population","225","1 - 4 years","-","Both sexes","1966","1966","Number","252342"
"CD211","Enumerated Population","225","1 - 4 years","-","Both sexes","1971","1971","Number","250769"
"CD211","Enumerated Population","225","1 - 4 years","-","Both sexes","1979","1979","Number","272122"
"CD211","Enumerated Population","225","1 - 4 years","-","Both sexes","1981","1981","Number","279625"
"CD211","Enumerated Population","225","1 - 4 years","-","Both sexes","1986","1986","Number","262906"
"CD211","Enumerated Population","225","1 - 4 years","-","Both sexes","1991","1991","Number","220699"
"CD211","Enumerated Population","225","1 - 4 years","-","Both sexes","1996","1996","Number","201540"
"CD211","Enumerated Population","225","1 - 4 years","-","Both sexes","2002","2002","Number","223131"
"CD211","Enumerated Population","225","1 - 4 years","-","Both sexes","2006","2006","Number","241176"
"CD211","Enumerated Population","225","1 - 4 years","-","Both sexes","2011","2011","Number","283919"
"CD211","Enumerated Population","225","1 - 4 years","1","Male","1926","1926","Number","118089"
"CD211","Enumerated Population","225","1 - 4 years","1","Male","1936","1936","Number","109213"
"CD211","Enumerated Population","225","1 - 4 years","1","Male","1946","1946","Number","116751"
"CD211","Enumerated Population","225","1 - 4 years","1","Male","1951","1951","Number","127601"
"CD211","Enumerated Population","225","1 - 4 years","1","Male","1961","1961","Number","121293"
"CD211","Enumerated Population","225","1 - 4 years","1","Male","1966","1966","Number","128798"
"CD211","Enumerated Population","225","1 - 4 years","1","Male","1971","1971","Number","128570"
"CD211","Enumerated Population","225","1 - 4 years","1","Male","1979","1979","Number","139466"
"CD211","Enumerated Population","225","1 - 4 years","1","Male","1981","1981","Number","143313"
"CD211","Enumerated Population","225","1 - 4 years","1","Male","1986","1986","Number","135103"
"CD211","Enumerated Population","225","1 - 4 years","1","Male","1991","1991","Number","113174"
"CD211","Enumerated Population","225","1 - 4 years","1","Male","1996","1996","Number","103509"
"CD211","Enumerated Population","225","1 - 4 years","1","Male","2002","2002","Number","114235"
"CD211","Enumerated Population","225","1 - 4 years","1","Male","2006","2006","Number","123283"
"CD211","Enumerated Population","225","1 - 4 years","1","Male","2011","2011","Number","145226"
"CD211","Enumerated Population","225","1 - 4 years","2","Female","1926","1926","Number","114233"
"CD211","Enumerated Population","225","1 - 4 years","2","Female","1936","1936","Number","105447"
"CD211","Enumerated Population","225","1 - 4 years","2","Female","1946","1946","Number","111933"
"CD211","Enumerated Population","225","1 - 4 years","2","Female","1951","1951","Number","121674"
"CD211","Enumerated Population","225","1 - 4 years","2","Female","1961","1961","Number","116725"
"CD211","Enumerated Population","225","1 - 4 years","2","Female","1966","1966","Number","123544"
"CD211","Enumerated Population","225","1 - 4 years","2","Female","1971","1971","Number","122199"
"CD211","Enumerated Population","225","1 - 4 years","2","Female","1979","1979","Number","132656"
"CD211","Enumerated Population","225","1 - 4 years","2","Female","1981","1981","Number","136312"
"CD211","Enumerated Population","225","1 - 4 years","2","Female","1986","1986","Number","127803"
"CD211","Enumerated Population","225","1 - 4 years","2","Female","1991","1991","Number","107525"
"CD211","Enumerated Population","225","1 - 4 years","2","Female","1996","1996","Number","98031"
"CD211","Enumerated Population","225","1 - 4 years","2","Female","2002","2002","Number","108896"
"CD211","Enumerated Population","225","1 - 4 years","2","Female","2006","2006","Number","117893"
"CD211","Enumerated Population","225","1 - 4 years","2","Female","2011","2011","Number","138693"
"CD211","Enumerated Population","245","5 - 9 years","-","Both sexes","1926","1926","Number","284633"
"CD211","Enumerated Population","245","5 - 9 years","-","Both sexes","1936","1936","Number","269345"
"CD211","Enumerated Population","245","5 - 9 years","-","Both sexes","1946","1946","Number","265914"
"CD211","Enumerated Population","245","5 - 9 years","-","Both sexes","1951","1951","Number","281043"
"CD211","Enumerated Population","245","5 - 9 years","-","Both sexes","1961","1961","Number","287668"
"CD211","Enumerated Population","245","5 - 9 years","-","Both sexes","1966","1966","Number","298990"
"CD211","Enumerated Population","245","5 - 9 years","-","Both sexes","1971","1971","Number","316940"
"CD211","Enumerated Population","245","5 - 9 years","-","Both sexes","1979","1979","Number","350140"
"CD211","Enumerated Population","245","5 - 9 years","-","Both sexes","1981","1981","Number","349487"
"CD211","Enumerated Population","245","5 - 9 years","-","Both sexes","1986","1986","Number","350650"
"CD211","Enumerated Population","245","5 - 9 years","-","Both sexes","1991","1991","Number","318503"
"CD211","Enumerated Population","245","5 - 9 years","-","Both sexes","1996","1996","Number","282943"
"CD211","Enumerated Population","245","5 - 9 years","-","Both sexes","2002","2002","Number","264090"
"CD211","Enumerated Population","245","5 - 9 years","-","Both sexes","2006","2006","Number","288325"
"CD211","Enumerated Population","245","5 - 9 years","-","Both sexes","2011","2011","Number","320770"
"CD211","Enumerated Population","245","5 - 9 years","1","Male","1926","1926","Number","144764"
"CD211","Enumerated Population","245","5 - 9 years","1","Male","1936","1936","Number","136348"
"CD211","Enumerated Population","245","5 - 9 years","1","Male","1946","1946","Number","135116"
"CD211","Enumerated Population","245","5 - 9 years","1","Male","1951","1951","Number","143490"
"CD211","Enumerated Population","245","5 - 9 years","1","Male","1961","1961","Number","146991"
"CD211","Enumerated Population","245","5 - 9 years","1","Male","1966","1966","Number","152445"
"CD211","Enumerated Population","245","5 - 9 years","1","Male","1971","1971","Number","161828"
"CD211","Enumerated Population","245","5 - 9 years","1","Male","1979","1979","Number","179087"
"CD211","Enumerated Population","245","5 - 9 years","1","Male","1981","1981","Number","179108"
"CD211","Enumerated Population","245","5 - 9 years","1","Male","1986","1986","Number","179847"
"CD211","Enumerated Population","245","5 - 9 years","1","Male","1991","1991","Number","163346"
"CD211","Enumerated Population","245","5 - 9 years","1","Male","1996","1996","Number","145335"
"CD211","Enumerated Population","245","5 - 9 years","1","Male","2002","2002","Number","135890"
"CD211","Enumerated Population","245","5 - 9 years","1","Male","2006","2006","Number","147984"
"CD211","Enumerated Population","245","5 - 9 years","1","Male","2011","2011","Number","164037"
"CD211","Enumerated Population","245","5 - 9 years","2","Female","1926","1926","Number","139869"
"CD211","Enumerated Population","245","5 - 9 years","2","Female","1936","1936","Number","132997"
"CD211","Enumerated Population","245","5 - 9 years","2","Female","1946","1946","Number","130798"
"CD211","Enumerated Population","245","5 - 9 years","2","Female","1951","1951","Number","137553"
"CD211","Enumerated Population","245","5 - 9 years","2","Female","1961","1961","Number","140677"
"CD211","Enumerated Population","245","5 - 9 years","2","Female","1966","1966","Number","146545"
"CD211","Enumerated Population","245","5 - 9 years","2","Female","1971","1971","Number","155112"
"CD211","Enumerated Population","245","5 - 9 years","2","Female","1979","1979","Number","171053"
"CD211","Enumerated Population","245","5 - 9 years","2","Female","1981","1981","Number","170379"
"CD211","Enumerated Population","245","5 - 9 years","2","Female","1986","1986","Number","170803"
"CD211","Enumerated Population","245","5 - 9 years","2","Female","1991","1991","Number","155157"
"CD211","Enumerated Population","245","5 - 9 years","2","Female","1996","1996","Number","137608"
"CD211","Enumerated Population","245","5 - 9 years","2","Female","2002","2002","Number","128200"
"CD211","Enumerated Population","245","5 - 9 years","2","Female","2006","2006","Number","140341"
"CD211","Enumerated Population","245","5 - 9 years","2","Female","2011","2011","Number","156733"
"CD211","Enumerated Population","265","10 - 14 years","-","Both sexes","1926","1926","Number","295533"
"CD211","Enumerated Population","265","10 - 14 years","-","Both sexes","1936","1936","Number","282783"
"CD211","Enumerated Population","265","10 - 14 years","-","Both sexes","1946","1946","Number","262328"
"CD211","Enumerated Population","265","10 - 14 years","-","Both sexes","1951","1951","Number","260935"
"CD211","Enumerated Population","265","10 - 14 years","-","Both sexes","1961","1961","Number","288801"
"CD211","Enumerated Population","265","10 - 14 years","-","Both sexes","1966","1966","Number","285475"
"CD211","Enumerated Population","265","10 - 14 years","-","Both sexes","1971","1971","Number","298557"
"CD211","Enumerated Population","265","10 - 14 years","-","Both sexes","1979","1979","Number","336293"
"CD211","Enumerated Population","265","10 - 14 years","-","Both sexes","1981","1981","Number","341238"
"CD211","Enumerated Population","265","10 - 14 years","-","Both sexes","1986","1986","Number","349973"
"CD211","Enumerated Population","265","10 - 14 years","-","Both sexes","1991","1991","Number","348328"
"CD211","Enumerated Population","265","10 - 14 years","-","Both sexes","1996","1996","Number","326087"
"CD211","Enumerated Population","265","10 - 14 years","-","Both sexes","2002","2002","Number","285708"
"CD211","Enumerated Population","265","10 - 14 years","-","Both sexes","2006","2006","Number","273872"
"CD211","Enumerated Population","265","10 - 14 years","-","Both sexes","2011","2011","Number","302491"
"CD211","Enumerated Population","265","10 - 14 years","1","Male","1926","1926","Number","150814"
"CD211","Enumerated Population","265","10 - 14 years","1","Male","1936","1936","Number","143720"
"CD211","Enumerated Population","265","10 - 14 years","1","Male","1946","1946","Number","133319"
"CD211","Enumerated Population","265","10 - 14 years","1","Male","1951","1951","Number","132726"
"CD211","Enumerated Population","265","10 - 14 years","1","Male","1961","1961","Number","148319"
"CD211","Enumerated Population","265","10 - 14 years","1","Male","1966","1966","Number","145649"
"CD211","Enumerated Population","265","10 - 14 years","1","Male","1971","1971","Number","152112"
"CD211","Enumerated Population","265","10 - 14 years","1","Male","1979","1979","Number","172306"
"CD211","Enumerated Population","265","10 - 14 years","1","Male","1981","1981","Number","175271"
"CD211","Enumerated Population","265","10 - 14 years","1","Male","1986","1986","Number","179381"
"CD211","Enumerated Population","265","10 - 14 years","1","Male","1991","1991","Number","178928"
"CD211","Enumerated Population","265","10 - 14 years","1","Male","1996","1996","Number","167377"
"CD211","Enumerated Population","265","10 - 14 years","1","Male","2002","2002","Number","146114"
"CD211","Enumerated Population","265","10 - 14 years","1","Male","2006","2006","Number","140504"
"CD211","Enumerated Population","265","10 - 14 years","1","Male","2011","2011","Number","155076"
"CD211","Enumerated Population","265","10 - 14 years","2","Female","1926","1926","Number","144719"
"CD211","Enumerated Population","265","10 - 14 years","2","Female","1936","1936","Number","139063"
"CD211","Enumerated Population","265","10 - 14 years","2","Female","1946","1946","Number","129009"
"CD211","Enumerated Population","265","10 - 14 years","2","Female","1951","1951","Number","128209"
"CD211","Enumerated Population","265","10 - 14 years","2","Female","1961","1961","Number","140482"
"CD211","Enumerated Population","265","10 - 14 years","2","Female","1966","1966","Number","139826"
"CD211","Enumerated Population","265","10 - 14 years","2","Female","1971","1971","Number","146445"
"CD211","Enumerated Population","265","10 - 14 years","2","Female","1979","1979","Number","163987"
"CD211","Enumerated Population","265","10 - 14 years","2","Female","1981","1981","Number","165967"
"CD211","Enumerated Population","265","10 - 14 years","2","Female","1986","1986","Number","170592"
"CD211","Enumerated Population","265","10 - 14 years","2","Female","1991","1991","Number","169400"
"CD211","Enumerated Population","265","10 - 14 years","2","Female","1996","1996","Number","158710"
"CD211","Enumerated Population","265","10 - 14 years","2","Female","2002","2002","Number","139594"
"CD211","Enumerated Population","265","10 - 14 years","2","Female","2006","2006","Number","133368"
"CD211","Enumerated Population","265","10 - 14 years","2","Female","2011","2011","Number","147415"
"CD211","Enumerated Population","300","15 - 19 years","-","Both sexes","1926","1926","Number","286187"
"CD211","Enumerated Population","300","15 - 19 years","-","Both sexes","1936","1936","Number","268326"
"CD211","Enumerated Population","300","15 - 19 years","-","Both sexes","1946","1946","Number","251487"
"CD211","Enumerated Population","300","15 - 19 years","-","Both sexes","1951","1951","Number","241182"
"CD211","Enumerated Population","300","15 - 19 years","-","Both sexes","1961","1961","Number","233832"
"CD211","Enumerated Population","300","15 - 19 years","-","Both sexes","1966","1966","Number","259356"
"CD211","Enumerated Population","300","15 - 19 years","-","Both sexes","1971","1971","Number","267727"
"CD211","Enumerated Population","300","15 - 19 years","-","Both sexes","1979","1979","Number","317368"
"CD211","Enumerated Population","300","15 - 19 years","-","Both sexes","1981","1981","Number","326429"
"CD211","Enumerated Population","300","15 - 19 years","-","Both sexes","1986","1986","Number","331100"
"CD211","Enumerated Population","300","15 - 19 years","-","Both sexes","1991","1991","Number","335026"
"CD211","Enumerated Population","300","15 - 19 years","-","Both sexes","1996","1996","Number","339536"
"CD211","Enumerated Population","300","15 - 19 years","-","Both sexes","2002","2002","Number","313188"
"CD211","Enumerated Population","300","15 - 19 years","-","Both sexes","2006","2006","Number","290257"
"CD211","Enumerated Population","300","15 - 19 years","-","Both sexes","2011","2011","Number","283019"
"CD211","Enumerated Population","300","15 - 19 years","1","Male","1926","1926","Number","146047"
"CD211","Enumerated Population","300","15 - 19 years","1","Male","1936","1936","Number","138112"
"CD211","Enumerated Population","300","15 - 19 years","1","Male","1946","1946","Number","127793"
"CD211","Enumerated Population","300","15 - 19 years","1","Male","1951","1951","Number","125742"
"CD211","Enumerated Population","300","15 - 19 years","1","Male","1961","1961","Number","120347"
"CD211","Enumerated Population","300","15 - 19 years","1","Male","1966","1966","Number","133327"
"CD211","Enumerated Population","300","15 - 19 years","1","Male","1971","1971","Number","136773"
"CD211","Enumerated Population","300","15 - 19 years","1","Male","1979","1979","Number","162279"
"CD211","Enumerated Population","300","15 - 19 years","1","Male","1981","1981","Number","166677"
"CD211","Enumerated Population","300","15 - 19 years","1","Male","1986","1986","Number","169887"
"CD211","Enumerated Population","300","15 - 19 years","1","Male","1991","1991","Number","171408"
"CD211","Enumerated Population","300","15 - 19 years","1","Male","1996","1996","Number","173950"
"CD211","Enumerated Population","300","15 - 19 years","1","Male","2002","2002","Number","160413"
"CD211","Enumerated Population","300","15 - 19 years","1","Male","2006","2006","Number","148241"
"CD211","Enumerated Population","300","15 - 19 years","1","Male","2011","2011","Number","144262"
"CD211","Enumerated Population","300","15 - 19 years","2","Female","1926","1926","Number","140140"
"CD211","Enumerated Population","300","15 - 19 years","2","Female","1936","1936","Number","130214"
"CD211","Enumerated Population","300","15 - 19 years","2","Female","1946","1946","Number","123694"
"CD211","Enumerated Population","300","15 - 19 years","2","Female","1951","1951","Number","115440"
"CD211","Enumerated Population","300","15 - 19 years","2","Female","1961","1961","Number","113485"
"CD211","Enumerated Population","300","15 - 19 years","2","Female","1966","1966","Number","126029"
"CD211","Enumerated Population","300","15 - 19 years","2","Female","1971","1971","Number","130954"
"CD211","Enumerated Population","300","15 - 19 years","2","Female","1979","1979","Number","155089"
"CD211","Enumerated Population","300","15 - 19 years","2","Female","1981","1981","Number","159752"
"CD211","Enumerated Population","300","15 - 19 years","2","Female","1986","1986","Number","161213"
"CD211","Enumerated Population","300","15 - 19 years","2","Female","1991","1991","Number","163618"
"CD211","Enumerated Population","300","15 - 19 years","2","Female","1996","1996","Number","165586"
"CD211","Enumerated Population","300","15 - 19 years","2","Female","2002","2002","Number","152775"
"CD211","Enumerated Population","300","15 - 19 years","2","Female","2006","2006","Number","142016"
"CD211","Enumerated Population","300","15 - 19 years","2","Female","2011","2011","Number","138757"
"CD211","Enumerated Population","365","20 - 24 years","-","Both sexes","1926","1926","Number","240231"
"CD211","Enumerated Population","365","20 - 24 years","-","Both sexes","1936","1936","Number","254513"
"CD211","Enumerated Population","365","20 - 24 years","-","Both sexes","1946","1946","Number","231290"
"CD211","Enumerated Population","365","20 - 24 years","-","Both sexes","1951","1951","Number","202172"
"CD211","Enumerated Population","365","20 - 24 years","-","Both sexes","1961","1961","Number","158007"
"CD211","Enumerated Population","365","20 - 24 years","-","Both sexes","1966","1966","Number","185289"
"CD211","Enumerated Population","365","20 - 24 years","-","Both sexes","1971","1971","Number","215251"
"CD211","Enumerated Population","365","20 - 24 years","-","Both sexes","1979","1979","Number","266271"
"CD211","Enumerated Population","365","20 - 24 years","-","Both sexes","1981","1981","Number","276127"
"CD211","Enumerated Population","365","20 - 24 years","-","Both sexes","1986","1986","Number","286424"
"CD211","Enumerated Population","365","20 - 24 years","-","Both sexes","1991","1991","Number","266572"
"CD211","Enumerated Population","365","20 - 24 years","-","Both sexes","1996","1996","Number","293354"
"CD211","Enumerated Population","365","20 - 24 years","-","Both sexes","2002","2002","Number","328334"
"CD211","Enumerated Population","365","20 - 24 years","-","Both sexes","2006","2006","Number","342475"
"CD211","Enumerated Population","365","20 - 24 years","-","Both sexes","2011","2011","Number","297231"
"CD211","Enumerated Population","365","20 - 24 years","1","Male","1926","1926","Number","124518"
"CD211","Enumerated Population","365","20 - 24 years","1","Male","1936","1936","Number","134680"
"CD211","Enumerated Population","365","20 - 24 years","1","Male","1946","1946","Number","118060"
"CD211","Enumerated Population","365","20 - 24 years","1","Male","1951","1951","Number","105380"
"CD211","Enumerated Population","365","20 - 24 years","1","Male","1961","1961","Number","80420"
"CD211","Enumerated Population","365","20 - 24 years","1","Male","1966","1966","Number","94726"
"CD211","Enumerated Population","365","20 - 24 years","1","Male","1971","1971","Number","109961"
"CD211","Enumerated Population","365","20 - 24 years","1","Male","1979","1979","Number","135808"
"CD211","Enumerated Population","365","20 - 24 years","1","Male","1981","1981","Number","140446"
"CD211","Enumerated Population","365","20 - 24 years","1","Male","1986","1986","Number","144112"
"CD211","Enumerated Population","365","20 - 24 years","1","Male","1991","1991","Number","136479"
"CD211","Enumerated Population","365","20 - 24 years","1","Male","1996","1996","Number","149143"
"CD211","Enumerated Population","365","20 - 24 years","1","Male","2002","2002","Number","165292"
"CD211","Enumerated Population","365","20 - 24 years","1","Male","2006","2006","Number","172766"
"CD211","Enumerated Population","365","20 - 24 years","1","Male","2011","2011","Number","146636"
"CD211","Enumerated Population","365","20 - 24 years","2","Female","1926","1926","Number","115713"
"CD211","Enumerated Population","365","20 - 24 years","2","Female","1936","1936","Number","119833"
"CD211","Enumerated Population","365","20 - 24 years","2","Female","1946","1946","Number","113230"
"CD211","Enumerated Population","365","20 - 24 years","2","Female","1951","1951","Number","96792"
"CD211","Enumerated Population","365","20 - 24 years","2","Female","1961","1961","Number","77587"
"CD211","Enumerated Population","365","20 - 24 years","2","Female","1966","1966","Number","90563"
"CD211","Enumerated Population","365","20 - 24 years","2","Female","1971","1971","Number","105290"
"CD211","Enumerated Population","365","20 - 24 years","2","Female","1979","1979","Number","130463"
"CD211","Enumerated Population","365","20 - 24 years","2","Female","1981","1981","Number","135681"
"CD211","Enumerated Population","365","20 - 24 years","2","Female","1986","1986","Number","142312"
"CD211","Enumerated Population","365","20 - 24 years","2","Female","1991","1991","Number","130093"
"CD211","Enumerated Population","365","20 - 24 years","2","Female","1996","1996","Number","144211"
"CD211","Enumerated Population","365","20 - 24 years","2","Female","2002","2002","Number","163042"
"CD211","Enumerated Population","365","20 - 24 years","2","Female","2006","2006","Number","169709"
"CD211","Enumerated Population","365","20 - 24 years","2","Female","2011","2011","Number","150595"
"CD211","Enumerated Population","410","25 - 29 years","-","Both sexes","1926","1926","Number","215401"
"CD211","Enumerated Population","410","25 - 29 years","-","Both sexes","1936","1936","Number","216785"
"CD211","Enumerated Population","410","25 - 29 years","-","Both sexes","1946","1946","Number","208188"
"CD211","Enumerated Population","410","25 - 29 years","-","Both sexes","1951","1951","Number","198421"
"CD211","Enumerated Population","410","25 - 29 years","-","Both sexes","1961","1961","Number","145377"
"CD211","Enumerated Population","410","25 - 29 years","-","Both sexes","1966","1966","Number","149317"
"CD211","Enumerated Population","410","25 - 29 years","-","Both sexes","1971","1971","Number","172993"
"CD211","Enumerated Population","410","25 - 29 years","-","Both sexes","1979","1979","Number","239426"
"CD211","Enumerated Population","410","25 - 29 years","-","Both sexes","1981","1981","Number","246053"
"CD211","Enumerated Population","410","25 - 29 years","-","Both sexes","1986","1986","Number","258439"
"CD211","Enumerated Population","410","25 - 29 years","-","Both sexes","1991","1991","Number","246321"
"CD211","Enumerated Population","410","25 - 29 years","-","Both sexes","1996","1996","Number","259045"
"CD211","Enumerated Population","410","25 - 29 years","-","Both sexes","2002","2002","Number","312693"
"CD211","Enumerated Population","410","25 - 29 years","-","Both sexes","2006","2006","Number","373078"
"CD211","Enumerated Population","410","25 - 29 years","-","Both sexes","2011","2011","Number","361122"
"CD211","Enumerated Population","410","25 - 29 years","1","Male","1926","1926","Number","106646"
"CD211","Enumerated Population","410","25 - 29 years","1","Male","1936","1936","Number","113325"
"CD211","Enumerated Population","410","25 - 29 years","1","Male","1946","1946","Number","104139"
"CD211","Enumerated Population","410","25 - 29 years","1","Male","1951","1951","Number","99595"
"CD211","Enumerated Population","410","25 - 29 years","1","Male","1961","1961","Number","72289"
"CD211","Enumerated Population","410","25 - 29 years","1","Male","1966","1966","Number","75008"
"CD211","Enumerated Population","410","25 - 29 years","1","Male","1971","1971","Number","87736"
"CD211","Enumerated Population","410","25 - 29 years","1","Male","1979","1979","Number","121589"
"CD211","Enumerated Population","410","25 - 29 years","1","Male","1981","1981","Number","124378"
"CD211","Enumerated Population","410","25 - 29 years","1","Male","1986","1986","Number","129086"
"CD211","Enumerated Population","410","25 - 29 years","1","Male","1991","1991","Number","120660"
"CD211","Enumerated Population","410","25 - 29 years","1","Male","1996","1996","Number","129363"
"CD211","Enumerated Population","410","25 - 29 years","1","Male","2002","2002","Number","156100"
"CD211","Enumerated Population","410","25 - 29 years","1","Male","2006","2006","Number","189252"
"CD211","Enumerated Population","410","25 - 29 years","1","Male","2011","2011","Number","173714"
"CD211","Enumerated Population","410","25 - 29 years","2","Female","1926","1926","Number","108755"
"CD211","Enumerated Population","410","25 - 29 years","2","Female","1936","1936","Number","103460"
"CD211","Enumerated Population","410","25 - 29 years","2","Female","1946","1946","Number","104049"
"CD211","Enumerated Population","410","25 - 29 years","2","Female","1951","1951","Number","98826"
"CD211","Enumerated Population","410","25 - 29 years","2","Female","1961","1961","Number","73088"
"CD211","Enumerated Population","410","25 - 29 years","2","Female","1966","1966","Number","74309"
"CD211","Enumerated Population","410","25 - 29 years","2","Female","1971","1971","Number","85257"
"CD211","Enumerated Population","410","25 - 29 years","2","Female","1979","1979","Number","117837"
"CD211","Enumerated Population","410","25 - 29 years","2","Female","1981","1981","Number","121675"
"CD211","Enumerated Population","410","25 - 29 years","2","Female","1986","1986","Number","129353"
"CD211","Enumerated Population","410","25 - 29 years","2","Female","1991","1991","Number","125661"
"CD211","Enumerated Population","410","25 - 29 years","2","Female","1996","1996","Number","129682"
"CD211","Enumerated Population","410","25 - 29 years","2","Female","2002","2002","Number","156593"
"CD211","Enumerated Population","410","25 - 29 years","2","Female","2006","2006","Number","183826"
"CD211","Enumerated Population","410","25 - 29 years","2","Female","2011","2011","Number","187408"
"CD211","Enumerated Population","440","30 - 34 years","-","Both sexes","1926","1926","Number","183300"
"CD211","Enumerated Population","440","30 - 34 years","-","Both sexes","1936","1936","Number","183284"
"CD211","Enumerated Population","440","30 - 34 years","-","Both sexes","1946","1946","Number","204696"
"CD211","Enumerated Population","440","30 - 34 years","-","Both sexes","1951","1951","Number","191566"
"CD211","Enumerated Population","440","30 - 34 years","-","Both sexes","1961","1961","Number","152787"
"CD211","Enumerated Population","440","30 - 34 years","-","Both sexes","1966","1966","Number","146625"
"CD211","Enumerated Population","440","30 - 34 years","-","Both sexes","1971","1971","Number","151351"
"CD211","Enumerated Population","440","30 - 34 years","-","Both sexes","1979","1979","Number","220116"
"CD211","Enumerated Population","440","30 - 34 years","-","Both sexes","1981","1981","Number","231958"
"CD211","Enumerated Population","440","30 - 34 years","-","Both sexes","1986","1986","Number","242689"
"CD211","Enumerated Population","440","30 - 34 years","-","Both sexes","1991","1991","Number","249071"
"CD211","Enumerated Population","440","30 - 34 years","-","Both sexes","1996","1996","Number","260929"
"CD211","Enumerated Population","440","30 - 34 years","-","Both sexes","2002","2002","Number","304676"
"CD211","Enumerated Population","440","30 - 34 years","-","Both sexes","2006","2006","Number","349361"
"CD211","Enumerated Population","440","30 - 34 years","-","Both sexes","2011","2011","Number","393945"
"CD211","Enumerated Population","440","30 - 34 years","1","Male","1926","1926","Number","92502"
"CD211","Enumerated Population","440","30 - 34 years","1","Male","1936","1936","Number","94078"
"CD211","Enumerated Population","440","30 - 34 years","1","Male","1946","1946","Number","103816"
"CD211","Enumerated Population","440","30 - 34 years","1","Male","1951","1951","Number","96441"
"CD211","Enumerated Population","440","30 - 34 years","1","Male","1961","1961","Number","75241"
"CD211","Enumerated Population","440","30 - 34 years","1","Male","1966","1966","Number","73794"
"CD211","Enumerated Population","440","30 - 34 years","1","Male","1971","1971","Number","76823"
"CD211","Enumerated Population","440","30 - 34 years","1","Male","1979","1979","Number","112749"
"CD211","Enumerated Population","440","30 - 34 years","1","Male","1981","1981","Number","118287"
"CD211","Enumerated Population","440","30 - 34 years","1","Male","1986","1986","Number","122198"
"CD211","Enumerated Population","440","30 - 34 years","1","Male","1991","1991","Number","123168"
"CD211","Enumerated Population","440","30 - 34 years","1","Male","1996","1996","Number","127735"
"CD211","Enumerated Population","440","30 - 34 years","1","Male","2002","2002","Number","152377"
"CD211","Enumerated Population","440","30 - 34 years","1","Male","2006","2006","Number","177487"
"CD211","Enumerated Population","440","30 - 34 years","1","Male","2011","2011","Number","194774"
"CD211","Enumerated Population","440","30 - 34 years","2","Female","1926","1926","Number","90798"
"CD211","Enumerated Population","440","30 - 34 years","2","Female","1936","1936","Number","89206"
"CD211","Enumerated Population","440","30 - 34 years","2","Female","1946","1946","Number","100880"
"CD211","Enumerated Population","440","30 - 34 years","2","Female","1951","1951","Number","95125"
"CD211","Enumerated Population","440","30 - 34 years","2","Female","1961","1961","Number","77546"
"CD211","Enumerated Population","440","30 - 34 years","2","Female","1966","1966","Number","72831"
"CD211","Enumerated Population","440","30 - 34 years","2","Female","1971","1971","Number","74528"
"CD211","Enumerated Population","440","30 - 34 years","2","Female","1979","1979","Number","107367"
"CD211","Enumerated Population","440","30 - 34 years","2","Female","1981","1981","Number","113671"
"CD211","Enumerated Population","440","30 - 34 years","2","Female","1986","1986","Number","120491"
"CD211","Enumerated Population","440","30 - 34 years","2","Female","1991","1991","Number","125903"
"CD211","Enumerated Population","440","30 - 34 years","2","Female","1996","1996","Number","133194"
"CD211","Enumerated Population","440","30 - 34 years","2","Female","2002","2002","Number","152299"
"CD211","Enumerated Population","440","30 - 34 years","2","Female","2006","2006","Number","171874"
"CD211","Enumerated Population","440","30 - 34 years","2","Female","2011","2011","Number","199171"
"CD211","Enumerated Population","460","35 - 39 years","-","Both sexes","1926","1926","Number","175759"
"CD211","Enumerated Population","460","35 - 39 years","-","Both sexes","1936","1936","Number","192420"
"CD211","Enumerated Population","460","35 - 39 years","-","Both sexes","1946","1946","Number","191882"
"CD211","Enumerated Population","460","35 - 39 years","-","Both sexes","1951","1951","Number","200916"
"CD211","Enumerated Population","460","35 - 39 years","-","Both sexes","1961","1961","Number","166793"
"CD211","Enumerated Population","460","35 - 39 years","-","Both sexes","1966","1966","Number","154272"
"CD211","Enumerated Population","460","35 - 39 years","-","Both sexes","1971","1971","Number","149107"
"CD211","Enumerated Population","460","35 - 39 years","-","Both sexes","1979","1979","Number","178478"
"CD211","Enumerated Population","460","35 - 39 years","-","Both sexes","1981","1981","Number","193829"
"CD211","Enumerated Population","460","35 - 39 years","-","Both sexes","1986","1986","Number","229740"
"CD211","Enumerated Population","460","35 - 39 years","-","Both sexes","1991","1991","Number","237889"
"CD211","Enumerated Population","460","35 - 39 years","-","Both sexes","1996","1996","Number","255676"
"CD211","Enumerated Population","460","35 - 39 years","-","Both sexes","2002","2002","Number","290906"
"CD211","Enumerated Population","460","35 - 39 years","-","Both sexes","2006","2006","Number","322105"
"CD211","Enumerated Population","460","35 - 39 years","-","Both sexes","2011","2011","Number","364261"
"CD211","Enumerated Population","460","35 - 39 years","1","Male","1926","1926","Number","87349"
"CD211","Enumerated Population","460","35 - 39 years","1","Male","1936","1936","Number","96783"
"CD211","Enumerated Population","460","35 - 39 years","1","Male","1946","1946","Number","97536"
"CD211","Enumerated Population","460","35 - 39 years","1","Male","1951","1951","Number","102278"
"CD211","Enumerated Population","460","35 - 39 years","1","Male","1961","1961","Number","81626"
"CD211","Enumerated Population","460","35 - 39 years","1","Male","1966","1966","Number","76458"
"CD211","Enumerated Population","460","35 - 39 years","1","Male","1971","1971","Number","75488"
"CD211","Enumerated Population","460","35 - 39 years","1","Male","1979","1979","Number","91757"
"CD211","Enumerated Population","460","35 - 39 years","1","Male","1981","1981","Number","99286"
"CD211","Enumerated Population","460","35 - 39 years","1","Male","1986","1986","Number","116410"
"CD211","Enumerated Population","460","35 - 39 years","1","Male","1991","1991","Number","118724"
"CD211","Enumerated Population","460","35 - 39 years","1","Male","1996","1996","Number","126140"
"CD211","Enumerated Population","460","35 - 39 years","1","Male","2002","2002","Number","144530"
"CD211","Enumerated Population","460","35 - 39 years","1","Male","2006","2006","Number","163811"
"CD211","Enumerated Population","460","35 - 39 years","1","Male","2011","2011","Number","182237"
"CD211","Enumerated Population","460","35 - 39 years","2","Female","1926","1926","Number","88410"
"CD211","Enumerated Population","460","35 - 39 years","2","Female","1936","1936","Number","95637"
"CD211","Enumerated Population","460","35 - 39 years","2","Female","1946","1946","Number","94346"
"CD211","Enumerated Population","460","35 - 39 years","2","Female","1951","1951","Number","98638"
"CD211","Enumerated Population","460","35 - 39 years","2","Female","1961","1961","Number","85167"
"CD211","Enumerated Population","460","35 - 39 years","2","Female","1966","1966","Number","77814"
"CD211","Enumerated Population","460","35 - 39 years","2","Female","1971","1971","Number","73619"
"CD211","Enumerated Population","460","35 - 39 years","2","Female","1979","1979","Number","86721"
"CD211","Enumerated Population","460","35 - 39 years","2","Female","1981","1981","Number","94543"
"CD211","Enumerated Population","460","35 - 39 years","2","Female","1986","1986","Number","113330"
"CD211","Enumerated Population","460","35 - 39 years","2","Female","1991","1991","Number","119165"
"CD211","Enumerated Population","460","35 - 39 years","2","Female","1996","1996","Number","129536"
"CD211","Enumerated Population","460","35 - 39 years","2","Female","2002","2002","Number","146376"
"CD211","Enumerated Population","460","35 - 39 years","2","Female","2006","2006","Number","158294"
"CD211","Enumerated Population","460","35 - 39 years","2","Female","2011","2011","Number","182024"
"CD211","Enumerated Population","475","40 - 44 years","-","Both sexes","1926","1926","Number","169085"
"CD211","Enumerated Population","475","40 - 44 years","-","Both sexes","1936","1936","Number","162905"
"CD211","Enumerated Population","475","40 - 44 years","-","Both sexes","1946","1946","Number","165597"
"CD211","Enumerated Population","475","40 - 44 years","-","Both sexes","1951","1951","Number","180326"
"CD211","Enumerated Population","475","40 - 44 years","-","Both sexes","1961","1961","Number","170293"
"CD211","Enumerated Population","475","40 - 44 years","-","Both sexes","1966","1966","Number","163362"
"CD211","Enumerated Population","475","40 - 44 years","-","Both sexes","1971","1971","Number","152729"
"CD211","Enumerated Population","475","40 - 44 years","-","Both sexes","1979","1979","Number","159407"
"CD211","Enumerated Population","475","40 - 44 years","-","Both sexes","1981","1981","Number","165924"
"CD211","Enumerated Population","475","40 - 44 years","-","Both sexes","1986","1986","Number","191751"
"CD211","Enumerated Population","475","40 - 44 years","-","Both sexes","1991","1991","Number","225683"
"CD211","Enumerated Population","475","40 - 44 years","-","Both sexes","1996","1996","Number","240441"
"CD211","Enumerated Population","475","40 - 44 years","-","Both sexes","2002","2002","Number","271984"
"CD211","Enumerated Population","475","40 - 44 years","-","Both sexes","2006","2006","Number","301329"
"CD211","Enumerated Population","475","40 - 44 years","-","Both sexes","2011","2011","Number","330812"
"CD211","Enumerated Population","475","40 - 44 years","1","Male","1926","1926","Number","86050"
"CD211","Enumerated Population","475","40 - 44 years","1","Male","1936","1936","Number","83741"
"CD211","Enumerated Population","475","40 - 44 years","1","Male","1946","1946","Number","84310"
"CD211","Enumerated Population","475","40 - 44 years","1","Male","1951","1951","Number","94006"
"CD211","Enumerated Population","475","40 - 44 years","1","Male","1961","1961","Number","84795"
"CD211","Enumerated Population","475","40 - 44 years","1","Male","1966","1966","Number","80966"
"CD211","Enumerated Population","475","40 - 44 years","1","Male","1971","1971","Number","76424"
"CD211","Enumerated Population","475","40 - 44 years","1","Male","1979","1979","Number","81799"
"CD211","Enumerated Population","475","40 - 44 years","1","Male","1981","1981","Number","85320"
"CD211","Enumerated Population","475","40 - 44 years","1","Male","1986","1986","Number","97962"
"CD211","Enumerated Population","475","40 - 44 years","1","Male","1991","1991","Number","113856"
"CD211","Enumerated Population","475","40 - 44 years","1","Male","1996","1996","Number","120064"
"CD211","Enumerated Population","475","40 - 44 years","1","Male","2002","2002","Number","135301"
"CD211","Enumerated Population","475","40 - 44 years","1","Male","2006","2006","Number","151438"
"CD211","Enumerated Population","475","40 - 44 years","1","Male","2011","2011","Number","166330"
"CD211","Enumerated Population","475","40 - 44 years","2","Female","1926","1926","Number","83035"
"CD211","Enumerated Population","475","40 - 44 years","2","Female","1936","1936","Number","79164"
"CD211","Enumerated Population","475","40 - 44 years","2","Female","1946","1946","Number","81287"
"CD211","Enumerated Population","475","40 - 44 years","2","Female","1951","1951","Number","86320"
"CD211","Enumerated Population","475","40 - 44 years","2","Female","1961","1961","Number","85498"
"CD211","Enumerated Population","475","40 - 44 years","2","Female","1966","1966","Number","82396"
"CD211","Enumerated Population","475","40 - 44 years","2","Female","1971","1971","Number","76305"
"CD211","Enumerated Population","475","40 - 44 years","2","Female","1979","1979","Number","77608"
"CD211","Enumerated Population","475","40 - 44 years","2","Female","1981","1981","Number","80604"
"CD211","Enumerated Population","475","40 - 44 years","2","Female","1986","1986","Number","93789"
"CD211","Enumerated Population","475","40 - 44 years","2","Female","1991","1991","Number","111827"
"CD211","Enumerated Population","475","40 - 44 years","2","Female","1996","1996","Number","120377"
"CD211","Enumerated Population","475","40 - 44 years","2","Female","2002","2002","Number","136683"
"CD211","Enumerated Population","475","40 - 44 years","2","Female","2006","2006","Number","149891"
"CD211","Enumerated Population","475","40 - 44 years","2","Female","2011","2011","Number","164482"
"CD211","Enumerated Population","495","45 - 49 years","-","Both sexes","1926","1926","Number","168893"
"CD211","Enumerated Population","495","45 - 49 years","-","Both sexes","1936","1936","Number","156583"
"CD211","Enumerated Population","495","45 - 49 years","-","Both sexes","1946","1946","Number","173062"
"CD211","Enumerated Population","495","45 - 49 years","-","Both sexes","1951","1951","Number","160915"
"CD211","Enumerated Population","495","45 - 49 years","-","Both sexes","1961","1961","Number","174625"
"CD211","Enumerated Population","495","45 - 49 years","-","Both sexes","1966","1966","Number","166517"
"CD211","Enumerated Population","495","45 - 49 years","-","Both sexes","1971","1971","Number","160124"
"CD211","Enumerated Population","495","45 - 49 years","-","Both sexes","1979","1979","Number","152441"
"CD211","Enumerated Population","495","45 - 49 years","-","Both sexes","1981","1981","Number","151850"
"CD211","Enumerated Population","495","45 - 49 years","-","Both sexes","1986","1986","Number","161740"
"CD211","Enumerated Population","495","45 - 49 years","-","Both sexes","1991","1991","Number","187762"
"CD211","Enumerated Population","495","45 - 49 years","-","Both sexes","1996","1996","Number","225400"
"CD211","Enumerated Population","495","45 - 49 years","-","Both sexes","2002","2002","Number","249604"
"CD211","Enumerated Population","495","45 - 49 years","-","Both sexes","2006","2006","Number","274745"
"CD211","Enumerated Population","495","45 - 49 years","-","Both sexes","2011","2011","Number","305185"
"CD211","Enumerated Population","495","45 - 49 years","1","Male","1926","1926","Number","87010"
"CD211","Enumerated Population","495","45 - 49 years","1","Male","1936","1936","Number","80507"
"CD211","Enumerated Population","495","45 - 49 years","1","Male","1946","1946","Number","86996"
"CD211","Enumerated Population","495","45 - 49 years","1","Male","1951","1951","Number","82374"
"CD211","Enumerated Population","495","45 - 49 years","1","Male","1961","1961","Number","89036"
"CD211","Enumerated Population","495","45 - 49 years","1","Male","1966","1966","Number","83643"
"CD211","Enumerated Population","495","45 - 49 years","1","Male","1971","1971","Number","79533"
"CD211","Enumerated Population","495","45 - 49 years","1","Male","1979","1979","Number","77774"
"CD211","Enumerated Population","495","45 - 49 years","1","Male","1981","1981","Number","77781"
"CD211","Enumerated Population","495","45 - 49 years","1","Male","1986","1986","Number","82769"
"CD211","Enumerated Population","495","45 - 49 years","1","Male","1991","1991","Number","95443"
"CD211","Enumerated Population","495","45 - 49 years","1","Male","1996","1996","Number","113816"
"CD211","Enumerated Population","495","45 - 49 years","1","Male","2002","2002","Number","124981"
"CD211","Enumerated Population","495","45 - 49 years","1","Male","2006","2006","Number","137983"
"CD211","Enumerated Population","495","45 - 49 years","1","Male","2011","2011","Number","151516"
"CD211","Enumerated Population","495","45 - 49 years","2","Female","1926","1926","Number","81883"
"CD211","Enumerated Population","495","45 - 49 years","2","Female","1936","1936","Number","76076"
"CD211","Enumerated Population","495","45 - 49 years","2","Female","1946","1946","Number","86066"
"CD211","Enumerated Population","495","45 - 49 years","2","Female","1951","1951","Number","78541"
"CD211","Enumerated Population","495","45 - 49 years","2","Female","1961","1961","Number","85589"
"CD211","Enumerated Population","495","45 - 49 years","2","Female","1966","1966","Number","82874"
"CD211","Enumerated Population","495","45 - 49 years","2","Female","1971","1971","Number","80591"
"CD211","Enumerated Population","495","45 - 49 years","2","Female","1979","1979","Number","74667"
"CD211","Enumerated Population","495","45 - 49 years","2","Female","1981","1981","Number","74069"
"CD211","Enumerated Population","495","45 - 49 years","2","Female","1986","1986","Number","78971"
"CD211","Enumerated Population","495","45 - 49 years","2","Female","1991","1991","Number","92319"
"CD211","Enumerated Population","495","45 - 49 years","2","Female","1996","1996","Number","111584"
"CD211","Enumerated Population","495","45 - 49 years","2","Female","2002","2002","Number","124623"
"CD211","Enumerated Population","495","45 - 49 years","2","Female","2006","2006","Number","136762"
"CD211","Enumerated Population","495","45 - 49 years","2","Female","2011","2011","Number","153669"
"CD211","Enumerated Population","515","50 - 54 years","-","Both sexes","1926","1926","Number","162718"
"CD211","Enumerated Population","515","50 - 54 years","-","Both sexes","1936","1936","Number","152707"
"CD211","Enumerated Population","515","50 - 54 years","-","Both sexes","1946","1946","Number","137492"
"CD211","Enumerated Population","515","50 - 54 years","-","Both sexes","1951","1951","Number","162986"
"CD211","Enumerated Population","515","50 - 54 years","-","Both sexes","1961","1961","Number","157122"
"CD211","Enumerated Population","515","50 - 54 years","-","Both sexes","1966","1966","Number","164957"
"CD211","Enumerated Population","515","50 - 54 years","-","Both sexes","1971","1971","Number","159082"
"CD211","Enumerated Population","515","50 - 54 years","-","Both sexes","1979","1979","Number","151686"
"CD211","Enumerated Population","515","50 - 54 years","-","Both sexes","1981","1981","Number","149680"
"CD211","Enumerated Population","515","50 - 54 years","-","Both sexes","1986","1986","Number","147511"
"CD211","Enumerated Population","515","50 - 54 years","-","Both sexes","1991","1991","Number","156806"
"CD211","Enumerated Population","515","50 - 54 years","-","Both sexes","1996","1996","Number","186647"
"CD211","Enumerated Population","515","50 - 54 years","-","Both sexes","2002","2002","Number","230843"
"CD211","Enumerated Population","515","50 - 54 years","-","Both sexes","2006","2006","Number","247068"
"CD211","Enumerated Population","515","50 - 54 years","-","Both sexes","2011","2011","Number","274386"
"CD211","Enumerated Population","515","50 - 54 years","1","Male","1926","1926","Number","85648"
"CD211","Enumerated Population","515","50 - 54 years","1","Male","1936","1936","Number","78681"
"CD211","Enumerated Population","515","50 - 54 years","1","Male","1946","1946","Number","69941"
"CD211","Enumerated Population","515","50 - 54 years","1","Male","1951","1951","Number","82922"
"CD211","Enumerated Population","515","50 - 54 years","1","Male","1961","1961","Number","81688"
"CD211","Enumerated Population","515","50 - 54 years","1","Male","1966","1966","Number","84309"
"CD211","Enumerated Population","515","50 - 54 years","1","Male","1971","1971","Number","80039"
"CD211","Enumerated Population","515","50 - 54 years","1","Male","1979","1979","Number","75588"
"CD211","Enumerated Population","515","50 - 54 years","1","Male","1981","1981","Number","75320"
"CD211","Enumerated Population","515","50 - 54 years","1","Male","1986","1986","Number","75156"
"CD211","Enumerated Population","515","50 - 54 years","1","Male","1991","1991","Number","79861"
"CD211","Enumerated Population","515","50 - 54 years","1","Male","1996","1996","Number","94818"
"CD211","Enumerated Population","515","50 - 54 years","1","Male","2002","2002","Number","116585"
"CD211","Enumerated Population","515","50 - 54 years","1","Male","2006","2006","Number","124550"
"CD211","Enumerated Population","515","50 - 54 years","1","Male","2011","2011","Number","136737"
"CD211","Enumerated Population","515","50 - 54 years","2","Female","1926","1926","Number","77070"
"CD211","Enumerated Population","515","50 - 54 years","2","Female","1936","1936","Number","74026"
"CD211","Enumerated Population","515","50 - 54 years","2","Female","1946","1946","Number","67551"
"CD211","Enumerated Population","515","50 - 54 years","2","Female","1951","1951","Number","80064"
"CD211","Enumerated Population","515","50 - 54 years","2","Female","1961","1961","Number","75434"
"CD211","Enumerated Population","515","50 - 54 years","2","Female","1966","1966","Number","80648"
"CD211","Enumerated Population","515","50 - 54 years","2","Female","1971","1971","Number","79043"
"CD211","Enumerated Population","515","50 - 54 years","2","Female","1979","1979","Number","76098"
"CD211","Enumerated Population","515","50 - 54 years","2","Female","1981","1981","Number","74360"
"CD211","Enumerated Population","515","50 - 54 years","2","Female","1986","1986","Number","72355"
"CD211","Enumerated Population","515","50 - 54 years","2","Female","1991","1991","Number","76945"
"CD211","Enumerated Population","515","50 - 54 years","2","Female","1996","1996","Number","91829"
"CD211","Enumerated Population","515","50 - 54 years","2","Female","2002","2002","Number","114258"
"CD211","Enumerated Population","515","50 - 54 years","2","Female","2006","2006","Number","122518"
"CD211","Enumerated Population","515","50 - 54 years","2","Female","2011","2011","Number","137649"
"CD211","Enumerated Population","530","55 - 59 years","-","Both sexes","1926","1926","Number","125713"
"CD211","Enumerated Population","530","55 - 59 years","-","Both sexes","1936","1936","Number","143441"
"CD211","Enumerated Population","530","55 - 59 years","-","Both sexes","1946","1946","Number","134859"
"CD211","Enumerated Population","530","55 - 59 years","-","Both sexes","1951","1951","Number","128848"
"CD211","Enumerated Population","530","55 - 59 years","-","Both sexes","1961","1961","Number","136123"
"CD211","Enumerated Population","530","55 - 59 years","-","Both sexes","1966","1966","Number","147064"
"CD211","Enumerated Population","530","55 - 59 years","-","Both sexes","1971","1971","Number","154847"
"CD211","Enumerated Population","530","55 - 59 years","-","Both sexes","1979","1979","Number","154065"
"CD211","Enumerated Population","530","55 - 59 years","-","Both sexes","1981","1981","Number","149606"
"CD211","Enumerated Population","530","55 - 59 years","-","Both sexes","1986","1986","Number","142215"
"CD211","Enumerated Population","530","55 - 59 years","-","Both sexes","1991","1991","Number","142549"
"CD211","Enumerated Population","530","55 - 59 years","-","Both sexes","1996","1996","Number","153807"
"CD211","Enumerated Population","530","55 - 59 years","-","Both sexes","2002","2002","Number","197294"
"CD211","Enumerated Population","530","55 - 59 years","-","Both sexes","2006","2006","Number","225328"
"CD211","Enumerated Population","530","55 - 59 years","-","Both sexes","2011","2011","Number","244522"
"CD211","Enumerated Population","530","55 - 59 years","1","Male","1926","1926","Number","67121"
"CD211","Enumerated Population","530","55 - 59 years","1","Male","1936","1936","Number","75089"
"CD211","Enumerated Population","530","55 - 59 years","1","Male","1946","1946","Number","67785"
"CD211","Enumerated Population","530","55 - 59 years","1","Male","1951","1951","Number","65028"
"CD211","Enumerated Population","530","55 - 59 years","1","Male","1961","1961","Number","68619"
"CD211","Enumerated Population","530","55 - 59 years","1","Male","1966","1966","Number","75815"
"CD211","Enumerated Population","530","55 - 59 years","1","Male","1971","1971","Number","78429"
"CD211","Enumerated Population","530","55 - 59 years","1","Male","1979","1979","Number","76127"
"CD211","Enumerated Population","530","55 - 59 years","1","Male","1981","1981","Number","73289"
"CD211","Enumerated Population","530","55 - 59 years","1","Male","1986","1986","Number","70514"
"CD211","Enumerated Population","530","55 - 59 years","1","Male","1991","1991","Number","71665"
"CD211","Enumerated Population","530","55 - 59 years","1","Male","1996","1996","Number","77809"
"CD211","Enumerated Population","530","55 - 59 years","1","Male","2002","2002","Number","99827"
"CD211","Enumerated Population","530","55 - 59 years","1","Male","2006","2006","Number","113943"
"CD211","Enumerated Population","530","55 - 59 years","1","Male","2011","2011","Number","122121"
"CD211","Enumerated Population","530","55 - 59 years","2","Female","1926","1926","Number","58592"
"CD211","Enumerated Population","530","55 - 59 years","2","Female","1936","1936","Number","68352"
"CD211","Enumerated Population","530","55 - 59 years","2","Female","1946","1946","Number","67074"
"CD211","Enumerated Population","530","55 - 59 years","2","Female","1951","1951","Number","63820"
"CD211","Enumerated Population","530","55 - 59 years","2","Female","1961","1961","Number","67504"
"CD211","Enumerated Population","530","55 - 59 years","2","Female","1966","1966","Number","71249"
"CD211","Enumerated Population","530","55 - 59 years","2","Female","1971","1971","Number","76418"
"CD211","Enumerated Population","530","55 - 59 years","2","Female","1979","1979","Number","77938"
"CD211","Enumerated Population","530","55 - 59 years","2","Female","1981","1981","Number","76317"
"CD211","Enumerated Population","530","55 - 59 years","2","Female","1986","1986","Number","71701"
"CD211","Enumerated Population","530","55 - 59 years","2","Female","1991","1991","Number","70884"
"CD211","Enumerated Population","530","55 - 59 years","2","Female","1996","1996","Number","75998"
"CD211","Enumerated Population","530","55 - 59 years","2","Female","2002","2002","Number","97467"
"CD211","Enumerated Population","530","55 - 59 years","2","Female","2006","2006","Number","111385"
"CD211","Enumerated Population","530","55 - 59 years","2","Female","2011","2011","Number","122401"
"CD211","Enumerated Population","550","60 - 64 years","-","Both sexes","1926","1926","Number","105146"
"CD211","Enumerated Population","550","60 - 64 years","-","Both sexes","1936","1936","Number","130378"
"CD211","Enumerated Population","550","60 - 64 years","-","Both sexes","1946","1946","Number","119225"
"CD211","Enumerated Population","550","60 - 64 years","-","Both sexes","1951","1951","Number","122060"
"CD211","Enumerated Population","550","60 - 64 years","-","Both sexes","1961","1961","Number","131060"
"CD211","Enumerated Population","550","60 - 64 years","-","Both sexes","1966","1966","Number","123840"
"CD211","Enumerated Population","550","60 - 64 years","-","Both sexes","1971","1971","Number","134066"
"CD211","Enumerated Population","550","60 - 64 years","-","Both sexes","1979","1979","Number","137676"
"CD211","Enumerated Population","550","60 - 64 years","-","Both sexes","1981","1981","Number","139266"
"CD211","Enumerated Population","550","60 - 64 years","-","Both sexes","1986","1986","Number","139978"
"CD211","Enumerated Population","550","60 - 64 years","-","Both sexes","1991","1991","Number","134566"
"CD211","Enumerated Population","550","60 - 64 years","-","Both sexes","1996","1996","Number","137946"
"CD211","Enumerated Population","550","60 - 64 years","-","Both sexes","2002","2002","Number","154252"
"CD211","Enumerated Population","550","60 - 64 years","-","Both sexes","2006","2006","Number","181727"
"CD211","Enumerated Population","550","60 - 64 years","-","Both sexes","2011","2011","Number","218786"
"CD211","Enumerated Population","550","60 - 64 years","1","Male","1926","1926","Number","53671"
"CD211","Enumerated Population","550","60 - 64 years","1","Male","1936","1936","Number","68110"
"CD211","Enumerated Population","550","60 - 64 years","1","Male","1946","1946","Number","59933"
"CD211","Enumerated Population","550","60 - 64 years","1","Male","1951","1951","Number","61346"
"CD211","Enumerated Population","550","60 - 64 years","1","Male","1961","1961","Number","64435"
"CD211","Enumerated Population","550","60 - 64 years","1","Male","1966","1966","Number","61631"
"CD211","Enumerated Population","550","60 - 64 years","1","Male","1971","1971","Number","68131"
"CD211","Enumerated Population","550","60 - 64 years","1","Male","1979","1979","Number","67804"
"CD211","Enumerated Population","550","60 - 64 years","1","Male","1981","1981","Number","67978"
"CD211","Enumerated Population","550","60 - 64 years","1","Male","1986","1986","Number","67219"
"CD211","Enumerated Population","550","60 - 64 years","1","Male","1991","1991","Number","65591"
"CD211","Enumerated Population","550","60 - 64 years","1","Male","1996","1996","Number","68690"
"CD211","Enumerated Population","550","60 - 64 years","1","Male","2002","2002","Number","77559"
"CD211","Enumerated Population","550","60 - 64 years","1","Male","2006","2006","Number","91561"
"CD211","Enumerated Population","550","60 - 64 years","1","Male","2011","2011","Number","109869"
"CD211","Enumerated Population","550","60 - 64 years","2","Female","1926","1926","Number","51475"
"CD211","Enumerated Population","550","60 - 64 years","2","Female","1936","1936","Number","62268"
"CD211","Enumerated Population","550","60 - 64 years","2","Female","1946","1946","Number","59292"
"CD211","Enumerated Population","550","60 - 64 years","2","Female","1951","1951","Number","60714"
"CD211","Enumerated Population","550","60 - 64 years","2","Female","1961","1961","Number","66625"
"CD211","Enumerated Population","550","60 - 64 years","2","Female","1966","1966","Number","62209"
"CD211","Enumerated Population","550","60 - 64 years","2","Female","1971","1971","Number","65935"
"CD211","Enumerated Population","550","60 - 64 years","2","Female","1979","1979","Number","69872"
"CD211","Enumerated Population","550","60 - 64 years","2","Female","1981","1981","Number","71288"
"CD211","Enumerated Population","550","60 - 64 years","2","Female","1986","1986","Number","72759"
"CD211","Enumerated Population","550","60 - 64 years","2","Female","1991","1991","Number","68975"
"CD211","Enumerated Population","550","60 - 64 years","2","Female","1996","1996","Number","69256"
"CD211","Enumerated Population","550","60 - 64 years","2","Female","2002","2002","Number","76693"
"CD211","Enumerated Population","550","60 - 64 years","2","Female","2006","2006","Number","90166"
"CD211","Enumerated Population","550","60 - 64 years","2","Female","2011","2011","Number","108917"
"CD211","Enumerated Population","565","65 - 69 years","-","Both sexes","1926","1926","Number","101212"
"CD211","Enumerated Population","565","65 - 69 years","-","Both sexes","1936","1936","Number","113001"
"CD211","Enumerated Population","565","65 - 69 years","-","Both sexes","1946","1946","Number","114531"
"CD211","Enumerated Population","565","65 - 69 years","-","Both sexes","1951","1951","Number","107548"
"CD211","Enumerated Population","565","65 - 69 years","-","Both sexes","1961","1961","Number","103488"
"CD211","Enumerated Population","565","65 - 69 years","-","Both sexes","1966","1966","Number","114226"
"CD211","Enumerated Population","565","65 - 69 years","-","Both sexes","1971","1971","Number","111751"
"CD211","Enumerated Population","565","65 - 69 years","-","Both sexes","1979","1979","Number","133787"
"CD211","Enumerated Population","565","65 - 69 years","-","Both sexes","1981","1981","Number","133919"
"CD211","Enumerated Population","565","65 - 69 years","-","Both sexes","1986","1986","Number","129498"
"CD211","Enumerated Population","565","65 - 69 years","-","Both sexes","1991","1991","Number","130752"
"CD211","Enumerated Population","565","65 - 69 years","-","Both sexes","1996","1996","Number","126809"
"CD211","Enumerated Population","565","65 - 69 years","-","Both sexes","2002","2002","Number","133474"
"CD211","Enumerated Population","565","65 - 69 years","-","Both sexes","2006","2006","Number","143396"
"CD211","Enumerated Population","565","65 - 69 years","-","Both sexes","2011","2011","Number","173638"
"CD211","Enumerated Population","565","65 - 69 years","1","Male","1926","1926","Number","51499"
"CD211","Enumerated Population","565","65 - 69 years","1","Male","1936","1936","Number","60056"
"CD211","Enumerated Population","565","65 - 69 years","1","Male","1946","1946","Number","58467"
"CD211","Enumerated Population","565","65 - 69 years","1","Male","1951","1951","Number","54145"
"CD211","Enumerated Population","565","65 - 69 years","1","Male","1961","1961","Number","51141"
"CD211","Enumerated Population","565","65 - 69 years","1","Male","1966","1966","Number","55046"
"CD211","Enumerated Population","565","65 - 69 years","1","Male","1971","1971","Number","54493"
"CD211","Enumerated Population","565","65 - 69 years","1","Male","1979","1979","Number","64994"
"CD211","Enumerated Population","565","65 - 69 years","1","Male","1981","1981","Number","64306"
"CD211","Enumerated Population","565","65 - 69 years","1","Male","1986","1986","Number","61080"
"CD211","Enumerated Population","565","65 - 69 years","1","Male","1991","1991","Number","60956"
"CD211","Enumerated Population","565","65 - 69 years","1","Male","1996","1996","Number","60256"
"CD211","Enumerated Population","565","65 - 69 years","1","Male","2002","2002","Number","65290"
"CD211","Enumerated Population","565","65 - 69 years","1","Male","2006","2006","Number","70895"
"CD211","Enumerated Population","565","65 - 69 years","1","Male","2011","2011","Number","86298"
"CD211","Enumerated Population","565","65 - 69 years","2","Female","1926","1926","Number","49713"
"CD211","Enumerated Population","565","65 - 69 years","2","Female","1936","1936","Number","52945"
"CD211","Enumerated Population","565","65 - 69 years","2","Female","1946","1946","Number","56064"
"CD211","Enumerated Population","565","65 - 69 years","2","Female","1951","1951","Number","53403"
"CD211","Enumerated Population","565","65 - 69 years","2","Female","1961","1961","Number","52347"
"CD211","Enumerated Population","565","65 - 69 years","2","Female","1966","1966","Number","59180"
"CD211","Enumerated Population","565","65 - 69 years","2","Female","1971","1971","Number","57258"
"CD211","Enumerated Population","565","65 - 69 years","2","Female","1979","1979","Number","68793"
"CD211","Enumerated Population","565","65 - 69 years","2","Female","1981","1981","Number","69613"
"CD211","Enumerated Population","565","65 - 69 years","2","Female","1986","1986","Number","68418"
"CD211","Enumerated Population","565","65 - 69 years","2","Female","1991","1991","Number","69796"
"CD211","Enumerated Population","565","65 - 69 years","2","Female","1996","1996","Number","66553"
"CD211","Enumerated Population","565","65 - 69 years","2","Female","2002","2002","Number","68184"
"CD211","Enumerated Population","565","65 - 69 years","2","Female","2006","2006","Number","72501"
"CD211","Enumerated Population","565","65 - 69 years","2","Female","2011","2011","Number","87340"
"CD211","Enumerated Population","580","70 - 74 years","-","Both sexes","1926","1926","Number","82246"
"CD211","Enumerated Population","580","70 - 74 years","-","Both sexes","1936","1936","Number","85940"
"CD211","Enumerated Population","580","70 - 74 years","-","Both sexes","1946","1946","Number","99910"
"CD211","Enumerated Population","580","70 - 74 years","-","Both sexes","1951","1951","Number","100116"
"CD211","Enumerated Population","580","70 - 74 years","-","Both sexes","1961","1961","Number","92790"
"CD211","Enumerated Population","580","70 - 74 years","-","Both sexes","1966","1966","Number","90099"
"CD211","Enumerated Population","580","70 - 74 years","-","Both sexes","1971","1971","Number","98986"
"CD211","Enumerated Population","580","70 - 74 years","-","Both sexes","1979","1979","Number","98284"
"CD211","Enumerated Population","580","70 - 74 years","-","Both sexes","1981","1981","Number","103138"
"CD211","Enumerated Population","580","70 - 74 years","-","Both sexes","1986","1986","Number","110996"
"CD211","Enumerated Population","580","70 - 74 years","-","Both sexes","1991","1991","Number","109325"
"CD211","Enumerated Population","580","70 - 74 years","-","Both sexes","1996","1996","Number","112542"
"CD211","Enumerated Population","580","70 - 74 years","-","Both sexes","2002","2002","Number","112129"
"CD211","Enumerated Population","580","70 - 74 years","-","Both sexes","2006","2006","Number","119152"
"CD211","Enumerated Population","580","70 - 74 years","-","Both sexes","2011","2011","Number","131190"
"CD211","Enumerated Population","580","70 - 74 years","1","Male","1926","1926","Number","37485"
"CD211","Enumerated Population","580","70 - 74 years","1","Male","1936","1936","Number","40822"
"CD211","Enumerated Population","580","70 - 74 years","1","Male","1946","1946","Number","49924"
"CD211","Enumerated Population","580","70 - 74 years","1","Male","1951","1951","Number","49121"
"CD211","Enumerated Population","580","70 - 74 years","1","Male","1961","1961","Number","44110"
"CD211","Enumerated Population","580","70 - 74 years","1","Male","1966","1966","Number","42243"
"CD211","Enumerated Population","580","70 - 74 years","1","Male","1971","1971","Number","44593"
"CD211","Enumerated Population","580","70 - 74 years","1","Male","1979","1979","Number","45802"
"CD211","Enumerated Population","580","70 - 74 years","1","Male","1981","1981","Number","48380"
"CD211","Enumerated Population","580","70 - 74 years","1","Male","1986","1986","Number","50881"
"CD211","Enumerated Population","580","70 - 74 years","1","Male","1991","1991","Number","49183"
"CD211","Enumerated Population","580","70 - 74 years","1","Male","1996","1996","Number","50124"
"CD211","Enumerated Population","580","70 - 74 years","1","Male","2002","2002","Number","51719"
"CD211","Enumerated Population","580","70 - 74 years","1","Male","2006","2006","Number","56540"
"CD211","Enumerated Population","580","70 - 74 years","1","Male","2011","2011","Number","63476"
"CD211","Enumerated Population","580","70 - 74 years","2","Female","1926","1926","Number","44761"
"CD211","Enumerated Population","580","70 - 74 years","2","Female","1936","1936","Number","45118"
"CD211","Enumerated Population","580","70 - 74 years","2","Female","1946","1946","Number","49986"
"CD211","Enumerated Population","580","70 - 74 years","2","Female","1951","1951","Number","50995"
"CD211","Enumerated Population","580","70 - 74 years","2","Female","1961","1961","Number","48680"
"CD211","Enumerated Population","580","70 - 74 years","2","Female","1966","1966","Number","47856"
"CD211","Enumerated Population","580","70 - 74 years","2","Female","1971","1971","Number","54393"
"CD211","Enumerated Population","580","70 - 74 years","2","Female","1979","1979","Number","52482"
"CD211","Enumerated Population","580","70 - 74 years","2","Female","1981","1981","Number","54758"
"CD211","Enumerated Population","580","70 - 74 years","2","Female","1986","1986","Number","60115"
"CD211","Enumerated Population","580","70 - 74 years","2","Female","1991","1991","Number","60142"
"CD211","Enumerated Population","580","70 - 74 years","2","Female","1996","1996","Number","62418"
"CD211","Enumerated Population","580","70 - 74 years","2","Female","2002","2002","Number","60410"
"CD211","Enumerated Population","580","70 - 74 years","2","Female","2006","2006","Number","62612"
"CD211","Enumerated Population","580","70 - 74 years","2","Female","2011","2011","Number","67714"
"CD211","Enumerated Population","595","75 - 79 years","-","Both sexes","1926","1926","Number","45967"
"CD211","Enumerated Population","595","75 - 79 years","-","Both sexes","1936","1936","Number","52988"
"CD211","Enumerated Population","595","75 - 79 years","-","Both sexes","1946","1946","Number","60502"
"CD211","Enumerated Population","595","75 - 79 years","-","Both sexes","1951","1951","Number","64555"
"CD211","Enumerated Population","595","75 - 79 years","-","Both sexes","1961","1961","Number","63210"
"CD211","Enumerated Population","595","75 - 79 years","-","Both sexes","1966","1966","Number","62801"
"CD211","Enumerated Population","595","75 - 79 years","-","Both sexes","1971","1971","Number","61775"
"CD211","Enumerated Population","595","75 - 79 years","-","Both sexes","1979","1979","Number","68856"
"CD211","Enumerated Population","595","75 - 79 years","-","Both sexes","1981","1981","Number","68451"
"CD211","Enumerated Population","595","75 - 79 years","-","Both sexes","1986","1986","Number","75519"
"CD211","Enumerated Population","595","75 - 79 years","-","Both sexes","1991","1991","Number","84082"
"CD211","Enumerated Population","595","75 - 79 years","-","Both sexes","1996","1996","Number","84097"
"CD211","Enumerated Population","595","75 - 79 years","-","Both sexes","2002","2002","Number","89815"
"CD211","Enumerated Population","595","75 - 79 years","-","Both sexes","2006","2006","Number","92466"
"CD211","Enumerated Population","595","75 - 79 years","-","Both sexes","2011","2011","Number","102036"
"CD211","Enumerated Population","595","75 - 79 years","1","Male","1926","1926","Number","20926"
"CD211","Enumerated Population","595","75 - 79 years","1","Male","1936","1936","Number","24670"
"CD211","Enumerated Population","595","75 - 79 years","1","Male","1946","1946","Number","29735"
"CD211","Enumerated Population","595","75 - 79 years","1","Male","1951","1951","Number","31642"
"CD211","Enumerated Population","595","75 - 79 years","1","Male","1961","1961","Number","29694"
"CD211","Enumerated Population","595","75 - 79 years","1","Male","1966","1966","Number","28744"
"CD211","Enumerated Population","595","75 - 79 years","1","Male","1971","1971","Number","27774"
"CD211","Enumerated Population","595","75 - 79 years","1","Male","1979","1979","Number","29140"
"CD211","Enumerated Population","595","75 - 79 years","1","Male","1981","1981","Number","29172"
"CD211","Enumerated Population","595","75 - 79 years","1","Male","1986","1986","Number","32635"
"CD211","Enumerated Population","595","75 - 79 years","1","Male","1991","1991","Number","35713"
"CD211","Enumerated Population","595","75 - 79 years","1","Male","1996","1996","Number","35228"
"CD211","Enumerated Population","595","75 - 79 years","1","Male","2002","2002","Number","37377"
"CD211","Enumerated Population","595","75 - 79 years","1","Male","2006","2006","Number","40121"
"CD211","Enumerated Population","595","75 - 79 years","1","Male","2011","2011","Number","46631"
"CD211","Enumerated Population","595","75 - 79 years","2","Female","1926","1926","Number","25041"
"CD211","Enumerated Population","595","75 - 79 years","2","Female","1936","1936","Number","28318"
"CD211","Enumerated Population","595","75 - 79 years","2","Female","1946","1946","Number","30767"
"CD211","Enumerated Population","595","75 - 79 years","2","Female","1951","1951","Number","32913"
"CD211","Enumerated Population","595","75 - 79 years","2","Female","1961","1961","Number","33516"
"CD211","Enumerated Population","595","75 - 79 years","2","Female","1966","1966","Number","34057"
"CD211","Enumerated Population","595","75 - 79 years","2","Female","1971","1971","Number","34001"
"CD211","Enumerated Population","595","75 - 79 years","2","Female","1979","1979","Number","39716"
"CD211","Enumerated Population","595","75 - 79 years","2","Female","1981","1981","Number","39279"
"CD211","Enumerated Population","595","75 - 79 years","2","Female","1986","1986","Number","42884"
"CD211","Enumerated Population","595","75 - 79 years","2","Female","1991","1991","Number","48369"
"CD211","Enumerated Population","595","75 - 79 years","2","Female","1996","1996","Number","48869"
"CD211","Enumerated Population","595","75 - 79 years","2","Female","2002","2002","Number","52438"
"CD211","Enumerated Population","595","75 - 79 years","2","Female","2006","2006","Number","52345"
"CD211","Enumerated Population","595","75 - 79 years","2","Female","2011","2011","Number","55405"
"CD211","Enumerated Population","610","80 - 84 years","-","Both sexes","1926","1926","Number","27397"
"CD211","Enumerated Population","610","80 - 84 years","-","Both sexes","1936","1936","Number","23250"
"CD211","Enumerated Population","610","80 - 84 years","-","Both sexes","1946","1946","Number","26142"
"CD211","Enumerated Population","610","80 - 84 years","-","Both sexes","1951","1951","Number","30887"
"CD211","Enumerated Population","610","80 - 84 years","-","Both sexes","1961","1961","Number","37040"
"CD211","Enumerated Population","610","80 - 84 years","-","Both sexes","1966","1966","Number","35584"
"CD211","Enumerated Population","610","80 - 84 years","-","Both sexes","1971","1971","Number","36375"
"CD211","Enumerated Population","610","80 - 84 years","-","Both sexes","1979","1979","Number","37987"
"CD211","Enumerated Population","610","80 - 84 years","-","Both sexes","1981","1981","Number","40462"
"CD211","Enumerated Population","610","80 - 84 years","-","Both sexes","1986","1986","Number","42884"
"CD211","Enumerated Population","610","80 - 84 years","-","Both sexes","1991","1991","Number","49301"
"CD211","Enumerated Population","610","80 - 84 years","-","Both sexes","1996","1996","Number","55771"
"CD211","Enumerated Population","610","80 - 84 years","-","Both sexes","2002","2002","Number","58857"
"CD211","Enumerated Population","610","80 - 84 years","-","Both sexes","2006","2006","Number","64884"
"CD211","Enumerated Population","610","80 - 84 years","-","Both sexes","2011","2011","Number","70113"
"CD211","Enumerated Population","610","80 - 84 years","1","Male","1926","1926","Number","12082"
"CD211","Enumerated Population","610","80 - 84 years","1","Male","1936","1936","Number","10484"
"CD211","Enumerated Population","610","80 - 84 years","1","Male","1946","1946","Number","11933"
"CD211","Enumerated Population","610","80 - 84 years","1","Male","1951","1951","Number","14649"
"CD211","Enumerated Population","610","80 - 84 years","1","Male","1961","1961","Number","16674"
"CD211","Enumerated Population","610","80 - 84 years","1","Male","1966","1966","Number","15824"
"CD211","Enumerated Population","610","80 - 84 years","1","Male","1971","1971","Number","15663"
"CD211","Enumerated Population","610","80 - 84 years","1","Male","1979","1979","Number","14917"
"CD211","Enumerated Population","610","80 - 84 years","1","Male","1981","1981","Number","15415"
"CD211","Enumerated Population","610","80 - 84 years","1","Male","1986","1986","Number","16126"
"CD211","Enumerated Population","610","80 - 84 years","1","Male","1991","1991","Number","18965"
"CD211","Enumerated Population","610","80 - 84 years","1","Male","1996","1996","Number","21074"
"CD211","Enumerated Population","610","80 - 84 years","1","Male","2002","2002","Number","22283"
"CD211","Enumerated Population","610","80 - 84 years","1","Male","2006","2006","Number","24694"
"CD211","Enumerated Population","610","80 - 84 years","1","Male","2011","2011","Number","28423"
"CD211","Enumerated Population","610","80 - 84 years","2","Female","1926","1926","Number","15315"
"CD211","Enumerated Population","610","80 - 84 years","2","Female","1936","1936","Number","12766"
"CD211","Enumerated Population","610","80 - 84 years","2","Female","1946","1946","Number","14209"
"CD211","Enumerated Population","610","80 - 84 years","2","Female","1951","1951","Number","16238"
"CD211","Enumerated Population","610","80 - 84 years","2","Female","1961","1961","Number","20366"
"CD211","Enumerated Population","610","80 - 84 years","2","Female","1966","1966","Number","19760"
"CD211","Enumerated Population","610","80 - 84 years","2","Female","1971","1971","Number","20712"
"CD211","Enumerated Population","610","80 - 84 years","2","Female","1979","1979","Number","23070"
"CD211","Enumerated Population","610","80 - 84 years","2","Female","1981","1981","Number","25047"
"CD211","Enumerated Population","610","80 - 84 years","2","Female","1986","1986","Number","26758"
"CD211","Enumerated Population","610","80 - 84 years","2","Female","1991","1991","Number","30336"
"CD211","Enumerated Population","610","80 - 84 years","2","Female","1996","1996","Number","34697"
"CD211","Enumerated Population","610","80 - 84 years","2","Female","2002","2002","Number","36574"
"CD211","Enumerated Population","610","80 - 84 years","2","Female","2006","2006","Number","40190"
"CD211","Enumerated Population","610","80 - 84 years","2","Female","2011","2011","Number","41690"
"CD211","Enumerated Population","630","85 years and over","-","Both sexes","1926","1926","Number","14858"
"CD211","Enumerated Population","630","85 years and over","-","Both sexes","1936","1936","Number","11505"
"CD211","Enumerated Population","630","85 years and over","-","Both sexes","1946","1946","Number","13237"
"CD211","Enumerated Population","630","85 years and over","-","Both sexes","1951","1951","Number","13285"
"CD211","Enumerated Population","630","85 years and over","-","Both sexes","1961","1961","Number","18535"
"CD211","Enumerated Population","630","85 years and over","-","Both sexes","1966","1966","Number","20297"
"CD211","Enumerated Population","630","85 years and over","-","Both sexes","1971","1971","Number","20932"
"CD211","Enumerated Population","630","85 years and over","-","Both sexes","1979","1979","Number","22461"
"CD211","Enumerated Population","630","85 years and over","-","Both sexes","1981","1981","Number","22984"
"CD211","Enumerated Population","630","85 years and over","-","Both sexes","1986","1986","Number","25458"
"CD211","Enumerated Population","630","85 years and over","-","Both sexes","1991","1991","Number","29440"
"CD211","Enumerated Population","630","85 years and over","-","Both sexes","1996","1996","Number","34663"
"CD211","Enumerated Population","630","85 years and over","-","Both sexes","2002","2002","Number","41726"
"CD211","Enumerated Population","630","85 years and over","-","Both sexes","2006","2006","Number","48028"
"CD211","Enumerated Population","630","85 years and over","-","Both sexes","2011","2011","Number","58416"
"CD211","Enumerated Population","630","85 years and over","1","Male","1926","1926","Number","6584"
"CD211","Enumerated Population","630","85 years and over","1","Male","1936","1936","Number","4883"
"CD211","Enumerated Population","630","85 years and over","1","Male","1946","1946","Number","5525"
"CD211","Enumerated Population","630","85 years and over","1","Male","1951","1951","Number","5481"
"CD211","Enumerated Population","630","85 years and over","1","Male","1961","1961","Number","7694"
"CD211","Enumerated Population","630","85 years and over","1","Male","1966","1966","Number","8092"
"CD211","Enumerated Population","630","85 years and over","1","Male","1971","1971","Number","8114"
"CD211","Enumerated Population","630","85 years and over","1","Male","1979","1979","Number","8115"
"CD211","Enumerated Population","630","85 years and over","1","Male","1981","1981","Number","7910"
"CD211","Enumerated Population","630","85 years and over","1","Male","1986","1986","Number","8009"
"CD211","Enumerated Population","630","85 years and over","1","Male","1991","1991","Number","8908"
"CD211","Enumerated Population","630","85 years and over","1","Male","1996","1996","Number","10570"
"CD211","Enumerated Population","630","85 years and over","1","Male","2002","2002","Number","12486"
"CD211","Enumerated Population","630","85 years and over","1","Male","2006","2006","Number","14845"
"CD211","Enumerated Population","630","85 years and over","1","Male","2011","2011","Number","18486"
"CD211","Enumerated Population","630","85 years and over","2","Female","1926","1926","Number","8274"
"CD211","Enumerated Population","630","85 years and over","2","Female","1936","1936","Number","6622"
"CD211","Enumerated Population","630","85 years and over","2","Female","1946","1946","Number","7712"
"CD211","Enumerated Population","630","85 years and over","2","Female","1951","1951","Number","7804"
"CD211","Enumerated Population","630","85 years and over","2","Female","1961","1961","Number","10841"
"CD211","Enumerated Population","630","85 years and over","2","Female","1966","1966","Number","12205"
"CD211","Enumerated Population","630","85 years and over","2","Female","1971","1971","Number","12818"
"CD211","Enumerated Population","630","85 years and over","2","Female","1979","1979","Number","14346"
"CD211","Enumerated Population","630","85 years and over","2","Female","1981","1981","Number","15074"
"CD211","Enumerated Population","630","85 years and over","2","Female","1986","1986","Number","17449"
"CD211","Enumerated Population","630","85 years and over","2","Female","1991","1991","Number","20532"
"CD211","Enumerated Population","630","85 years and over","2","Female","1996","1996","Number","24093"
"CD211","Enumerated Population","630","85 years and over","2","Female","2002","2002","Number","29240"
"CD211","Enumerated Population","630","85 years and over","2","Female","2006","2006","Number","33183"
"CD211","Enumerated Population","630","85 years and over","2","Female","2011","2011","Number","39930"
"CD211","Enumerated Population","320","15 years and over","-","Both sexes","1926","1926","Number","2104113"
"CD211","Enumerated Population","320","15 years and over","-","Both sexes","1936","1936","Number","2148026"
"CD211","Enumerated Population","320","15 years and over","-","Both sexes","1946","1946","Number","2132100"
"CD211","Enumerated Population","320","15 years and over","-","Both sexes","1951","1951","Number","2105783"
"CD211","Enumerated Population","320","15 years and over","-","Both sexes","1961","1961","Number","1941082"
"CD211","Enumerated Population","320","15 years and over","-","Both sexes","1966","1966","Number","1983606"
"CD211","Enumerated Population","320","15 years and over","-","Both sexes","1971","1971","Number","2047096"
"CD211","Enumerated Population","320","15 years and over","-","Both sexes","1979","1979","Number","2338309"
"CD211","Enumerated Population","320","15 years and over","-","Both sexes","1981","1981","Number","2399676"
"CD211","Enumerated Population","320","15 years and over","-","Both sexes","1986","1986","Number","2515942"
"CD211","Enumerated Population","320","15 years and over","-","Both sexes","1991","1991","Number","2585145"
"CD211","Enumerated Population","320","15 years and over","-","Both sexes","1996","1996","Number","2766663"
"CD211","Enumerated Population","320","15 years and over","-","Both sexes","2002","2002","Number","3089775"
"CD211","Enumerated Population","320","15 years and over","-","Both sexes","2006","2006","Number","3375399"
"CD211","Enumerated Population","320","15 years and over","-","Both sexes","2011","2011","Number","3608662"
"CD211","Enumerated Population","320","15 years and over","1","Male","1926","1926","Number","1065138"
"CD211","Enumerated Population","320","15 years and over","1","Male","1936","1936","Number","1104021"
"CD211","Enumerated Population","320","15 years and over","1","Male","1946","1946","Number","1075893"
"CD211","Enumerated Population","320","15 years and over","1","Male","1951","1951","Number","1070150"
"CD211","Enumerated Population","320","15 years and over","1","Male","1961","1961","Number","967809"
"CD211","Enumerated Population","320","15 years and over","1","Male","1966","1966","Number","989626"
"CD211","Enumerated Population","320","15 years and over","1","Male","1971","1971","Number","1019974"
"CD211","Enumerated Population","320","15 years and over","1","Male","1979","1979","Number","1166242"
"CD211","Enumerated Population","320","15 years and over","1","Male","1981","1981","Number","1193945"
"CD211","Enumerated Population","320","15 years and over","1","Male","1986","1986","Number","1244044"
"CD211","Enumerated Population","320","15 years and over","1","Male","1991","1991","Number","1270580"
"CD211","Enumerated Population","320","15 years and over","1","Male","1996","1996","Number","1358780"
"CD211","Enumerated Population","320","15 years and over","1","Male","2002","2002","Number","1522120"
"CD211","Enumerated Population","320","15 years and over","1","Male","2006","2006","Number","1678127"
"CD211","Enumerated Population","320","15 years and over","1","Male","2011","2011","Number","1771510"
"CD211","Enumerated Population","320","15 years and over","2","Female","1926","1926","Number","1038975"
"CD211","Enumerated Population","320","15 years and over","2","Female","1936","1936","Number","1044005"
"CD211","Enumerated Population","320","15 years and over","2","Female","1946","1946","Number","1056207"
"CD211","Enumerated Population","320","15 years and over","2","Female","1951","1951","Number","1035633"
"CD211","Enumerated Population","320","15 years and over","2","Female","1961","1961","Number","973273"
"CD211","Enumerated Population","320","15 years and over","2","Female","1966","1966","Number","993980"
"CD211","Enumerated Population","320","15 years and over","2","Female","1971","1971","Number","1027122"
"CD211","Enumerated Population","320","15 years and over","2","Female","1979","1979","Number","1172067"
"CD211","Enumerated Population","320","15 years and over","2","Female","1981","1981","Number","1205731"
"CD211","Enumerated Population","320","15 years and over","2","Female","1986","1986","Number","1271898"
"CD211","Enumerated Population","320","15 years and over","2","Female","1991","1991","Number","1314565"
"CD211","Enumerated Population","320","15 years and over","2","Female","1996","1996","Number","1407883"
"CD211","Enumerated Population","320","15 years and over","2","Female","2002","2002","Number","1567655"
"CD211","Enumerated Population","320","15 years and over","2","Female","2006","2006","Number","1697272"
"CD211","Enumerated Population","320","15 years and over","2","Female","2011","2011","Number","1837152"
